identity,total_images,gallery_images,query_images
id_003137,80,5,75
id_002881,80,5,75
id_003154,80,5,75
id_003031,80,5,75
id_003056,80,5,75
id_002610,80,5,75
id_002641,80,5,75
id_002675,80,5,75
id_003003,80,5,75
id_003074,80,5,75
id_003109,80,5,75
id_003019,80,5,75
id_002950,80,5,75
id_002768,80,5,75
id_003010,80,5,75
id_002990,80,5,75
id_003192,80,5,75
id_002949,80,5,75
id_003121,80,5,75
id_003102,80,5,75
id_002871,80,5,75
id_002802,80,5,75
id_002800,80,5,75
id_002909,80,5,75
id_002843,80,5,75
id_002870,80,5,75
id_002935,80,5,75
id_003172,80,5,75
id_002736,80,5,75
id_003215,80,5,75
id_002788,80,5,75
id_002668,80,5,75
id_002989,80,5,75
id_002831,80,5,75
id_002694,80,5,75
id_002630,80,5,75
id_002784,80,5,75
id_003190,80,5,75
id_003002,80,5,75
id_002993,80,5,75
id_002751,80,5,75
id_003134,80,5,75
id_002975,80,5,75
id_003076,80,5,75
id_003061,80,5,75
id_002713,80,5,75
id_002608,80,5,75
id_002999,80,5,75
id_002938,80,5,75
id_002761,80,5,75
id_002672,80,5,75
id_002622,80,5,75
id_003091,80,5,75
id_002764,80,5,75
id_003149,80,5,75
id_002917,80,5,75
id_002798,80,5,75
id_002597,80,5,75
id_002854,80,5,75
id_002742,80,5,75
id_003073,80,5,75
id_002900,80,5,75
id_002885,80,5,75
id_002758,80,5,75
id_002686,80,5,75
id_002780,80,5,75
id_002965,80,5,75
id_002853,80,5,75
id_003070,80,5,75
id_002966,80,5,75
id_002860,80,5,75
id_003116,80,5,75
id_002602,80,5,75
id_002826,80,5,75
id_002882,80,5,75
id_003062,80,5,75
id_002663,80,5,75
id_002862,80,5,75
id_002776,80,5,75
id_003026,80,5,75
id_002988,80,5,75
id_002815,80,5,75
id_003078,79,5,74
id_002912,79,5,74
id_002715,79,5,74
id_002712,79,5,74
id_002659,79,5,74
id_002772,79,5,74
id_003035,79,5,74
id_002737,79,5,74
id_003042,79,5,74
id_002595,79,5,74
id_003089,79,5,74
id_002685,78,5,73
id_003125,78,5,73
id_002770,78,5,73
id_002878,78,5,73
id_002944,78,5,73
id_002933,78,5,73
id_002895,77,5,72
id_003115,77,5,72
id_002587,77,5,72
id_003124,77,5,72
id_003161,77,5,72
id_003111,76,5,71
id_003136,76,5,71
id_003009,76,5,71
id_002849,76,5,71
id_002892,75,5,70
id_003049,75,5,70
id_002708,75,5,70
id_002786,75,5,70
id_002749,75,5,70
id_002711,75,5,70
id_002627,75,5,70
id_003211,75,5,70
id_003090,75,5,70
id_003150,75,5,70
id_003194,75,5,70
id_003176,74,5,69
id_002832,74,5,69
id_003104,74,5,69
id_002811,74,5,69
id_003141,74,5,69
id_002807,74,5,69
id_003171,74,5,69
id_002796,73,5,68
id_003054,73,5,68
id_002825,73,5,68
id_003201,73,5,68
id_003052,73,5,68
id_002945,73,5,68
id_003016,73,5,68
id_002710,73,5,68
id_002951,73,5,68
id_002769,73,5,68
id_002827,73,5,68
id_003145,73,5,68
id_002586,73,5,68
id_002616,72,5,67
id_002754,72,5,67
id_003142,72,5,67
id_003113,72,5,67
id_003081,72,5,67
id_003138,71,5,66
id_002928,71,5,66
id_002834,71,5,66
id_003032,71,5,66
id_002837,71,5,66
id_002863,71,5,66
id_002983,71,5,66
id_003060,70,5,65
id_003085,70,5,65
id_003059,70,5,65
id_002778,70,5,65
id_002755,70,5,65
id_002897,70,5,65
id_002995,70,5,65
id_003105,70,5,65
id_002657,70,5,65
id_002590,69,5,64
id_003213,69,5,64
id_002644,69,5,64
id_002652,69,5,64
id_002698,69,5,64
id_003155,69,5,64
id_003058,69,5,64
id_002744,69,5,64
id_002584,68,5,63
id_002934,68,5,63
id_003165,68,5,63
id_003203,68,5,63
id_002697,68,5,63
id_003177,68,5,63
id_003193,68,5,63
id_003033,68,5,63
id_002948,68,5,63
id_003198,67,5,62
id_002940,67,5,62
id_003069,67,5,62
id_003152,67,5,62
id_002623,67,5,62
id_003222,67,5,62
id_003112,67,5,62
id_002962,67,5,62
id_002792,67,5,62
id_002982,66,5,61
id_002678,66,5,61
id_002904,66,5,61
id_002763,66,5,61
id_002581,66,5,61
id_002771,66,5,61
id_002964,66,5,61
id_002680,66,5,61
id_002691,66,5,61
id_002977,65,5,60
id_002883,65,5,60
id_002919,65,5,60
id_002830,65,5,60
id_002985,65,5,60
id_003023,65,5,60
id_002790,65,5,60
id_003017,65,5,60
id_002750,65,5,60
id_003092,65,5,60
id_002635,64,5,59
id_002596,64,5,59
id_003013,64,5,59
id_002872,63,5,58
id_003004,63,5,58
id_002643,63,5,58
id_002987,63,5,58
id_002649,63,5,58
id_002797,63,5,58
id_003157,63,5,58
id_003086,63,5,58
id_003014,63,5,58
id_002986,63,5,58
id_003024,62,5,57
id_003220,62,5,57
id_003088,62,5,57
id_003072,62,5,57
id_002766,62,5,57
id_002673,62,5,57
id_002696,62,5,57
id_003114,61,5,56
id_002681,61,5,56
id_002821,61,5,56
id_003205,61,5,56
id_002628,61,5,56
id_002902,61,5,56
id_003224,60,5,55
id_002873,60,5,55
id_002808,60,5,55
id_002759,60,5,55
id_002655,60,5,55
id_003099,59,5,54
id_003077,59,5,54
id_002724,59,5,54
id_002996,59,5,54
id_003146,59,5,54
id_002783,59,5,54
id_003057,59,5,54
id_002714,59,5,54
id_002942,59,5,54
id_002647,59,5,54
id_003183,59,5,54
id_002774,58,5,53
id_003180,58,5,53
id_002889,58,5,53
id_002939,58,5,53
id_003164,58,5,53
id_002918,58,5,53
id_002757,58,5,53
id_002585,58,5,53
id_002756,57,5,52
id_003037,57,5,52
id_003189,57,5,52
id_002606,57,5,52
id_003055,57,5,52
id_003040,57,5,52
id_002599,57,5,52
id_003021,57,5,52
id_003187,57,5,52
id_002898,57,5,52
id_002839,57,5,52
id_002707,56,5,51
id_002891,56,5,51
id_003063,56,5,51
id_003011,56,5,51
id_003108,56,5,51
id_002588,56,5,51
id_002859,56,5,51
id_002817,55,5,50
id_002927,55,5,50
id_003051,55,5,50
id_003132,55,5,50
id_003053,55,5,50
id_002936,55,5,50
id_002844,55,5,50
id_003027,55,5,50
id_003173,54,5,49
id_002781,54,5,49
id_002775,54,5,49
id_002676,54,5,49
id_002794,54,5,49
id_002997,54,5,49
id_002899,54,5,49
id_003034,54,5,49
id_002958,54,5,49
id_003045,54,5,49
id_002793,53,5,48
id_002667,53,5,48
id_003022,53,5,48
id_003025,53,5,48
id_003098,53,5,48
id_003036,53,5,48
id_002886,53,5,48
id_003018,53,5,48
id_002852,53,5,48
id_002992,53,5,48
id_002722,53,5,48
id_003162,53,5,48
id_002835,52,5,47
id_002618,52,5,47
id_002791,52,5,47
id_002693,52,5,47
id_003080,52,5,47
id_002820,52,5,47
id_003202,52,5,47
id_002682,52,5,47
id_003038,52,5,47
id_002743,51,5,46
id_002718,51,5,46
id_003212,51,5,46
id_002911,51,5,46
id_003196,51,5,46
id_002894,51,5,46
id_002922,51,5,46
id_002932,51,5,46
id_002639,51,5,46
id_002637,51,5,46
id_002888,51,5,46
id_003184,51,5,46
id_002937,51,5,46
id_003106,51,5,46
id_002915,50,5,45
id_002719,50,5,45
id_002728,50,5,45
id_002702,50,5,45
id_003135,50,5,45
id_003067,50,5,45
id_002583,50,5,45
id_002709,50,5,45
id_003007,50,5,45
id_002629,50,5,45
id_002645,50,5,45
id_002974,50,5,45
id_002994,50,5,45
id_003001,49,5,44
id_003082,49,5,44
id_002721,49,5,44
id_003065,49,5,44
id_003170,49,5,44
id_003156,49,5,44
id_002684,49,5,44
id_002582,49,5,44
id_002833,49,5,44
id_003094,49,5,44
id_002625,49,5,44
id_002598,49,5,44
id_002738,48,5,43
id_002727,48,5,43
id_002961,48,5,43
id_002765,48,5,43
id_002594,48,5,43
id_002887,48,5,43
id_003199,48,5,43
id_003166,48,5,43
id_002621,48,5,43
id_002752,48,5,43
id_003159,48,5,43
id_002806,48,5,43
id_003209,48,5,43
id_003182,48,5,43
id_003214,48,5,43
id_002813,48,5,43
id_002926,47,5,42
id_003093,47,5,42
id_002973,47,5,42
id_002858,47,5,42
id_003123,47,5,42
id_003000,47,5,42
id_002651,46,5,41
id_003005,46,5,41
id_002984,46,5,41
id_003101,46,5,41
id_003207,46,5,41
id_003110,46,5,41
id_002824,46,5,41
id_003095,46,5,41
id_003128,46,5,41
id_003130,46,5,41
id_003217,46,5,41
id_002868,46,5,41
id_002619,46,5,41
id_002726,46,5,41
id_002683,46,5,41
id_002654,46,5,41
id_002593,46,5,41
id_002589,45,5,40
id_002650,45,5,40
id_003147,45,5,40
id_002607,45,5,40
id_002617,45,5,40
id_003139,45,5,40
id_002591,45,5,40
id_002626,45,5,40
id_002660,45,5,40
id_002819,45,5,40
id_003168,45,5,40
id_002615,44,5,39
id_002699,44,5,39
id_002669,44,5,39
id_002632,44,5,39
id_002896,44,5,39
id_002705,44,5,39
id_003148,44,5,39
id_002677,44,5,39
id_002670,44,5,39
id_002690,44,5,39
id_002970,44,5,39
id_002729,44,5,39
id_002876,43,5,38
id_003029,43,5,38
id_003071,43,5,38
id_003219,43,5,38
id_002773,43,5,38
id_002838,43,5,38
id_003143,43,5,38
id_003163,43,5,38
id_002981,43,5,38
id_003046,43,5,38
id_002869,43,5,38
id_003218,43,5,38
id_002976,42,5,37
id_003144,42,5,37
id_003066,42,5,37
id_002848,42,5,37
id_002648,42,5,37
id_003221,42,5,37
id_002646,42,5,37
id_002687,42,5,37
id_002642,42,5,37
id_002822,42,5,37
id_002998,42,5,37
id_002661,42,5,37
id_002841,42,5,37
id_002810,42,5,37
id_003064,42,5,37
id_002967,42,5,37
id_003083,42,5,37
id_002716,41,5,36
id_002846,41,5,36
id_003153,41,5,36
id_002785,41,5,36
id_002972,41,5,36
id_002828,41,5,36
id_002674,41,5,36
id_003020,41,5,36
id_002947,41,5,36
id_002823,41,5,36
id_002620,41,5,36
id_002700,41,5,36
id_002753,41,5,36
id_002720,41,5,36
id_002692,40,5,35
id_002943,40,5,35
id_002745,40,5,35
id_002762,40,5,35
id_002877,40,5,35
id_002609,40,5,35
id_002614,40,5,35
id_003117,40,5,35
id_002954,40,5,35
id_003119,40,5,35
id_003197,40,5,35
id_003175,40,5,35
id_002612,40,5,35
id_002580,40,5,35
id_002731,40,5,35
id_002884,40,5,35
id_002960,40,5,35
id_002907,39,5,34
id_002840,39,5,34
id_002604,39,5,34
id_003169,39,5,34
id_002600,39,5,34
id_002836,39,5,34
id_002903,39,5,34
id_002857,39,5,34
id_003050,39,5,34
id_003204,39,5,34
id_002864,39,5,34
id_002717,39,5,34
id_002924,39,5,34
id_003120,39,5,34
id_003210,39,5,34
id_003103,38,5,33
id_002636,38,5,33
id_002867,38,5,33
id_002816,38,5,33
id_002789,38,5,33
id_003178,38,5,33
id_002782,38,5,33
id_002730,38,5,33
id_002905,38,5,33
id_003188,38,5,33
id_003028,38,5,33
id_003174,38,5,33
id_002787,38,5,33
id_003167,38,5,33
id_002930,38,5,33
id_003068,38,5,33
id_002955,38,5,33
id_002633,38,5,33
id_002818,37,5,32
id_003008,37,5,32
id_002613,37,5,32
id_002732,37,5,32
id_002746,37,5,32
id_002850,37,5,32
id_002741,37,5,32
id_002634,37,5,32
id_002704,37,5,32
id_002656,37,5,32
id_002971,37,5,32
id_003041,37,5,32
id_002777,37,5,32
id_003030,37,5,32
id_002814,37,5,32
id_002906,37,5,32
id_002695,37,5,32
id_002640,37,5,32
id_002968,36,5,31
id_002913,36,5,31
id_002880,36,5,31
id_002592,36,5,31
id_003079,36,5,31
id_003140,36,5,31
id_003208,36,5,31
id_002671,36,5,31
id_002706,36,5,31
id_002908,36,5,31
id_002851,36,5,31
id_003039,36,5,31
id_002679,36,5,31
id_003206,36,5,31
id_002893,36,5,31
id_003084,35,5,30
id_002638,35,5,30
id_002809,35,5,30
id_003158,35,5,30
id_003096,35,5,30
id_002805,35,5,30
id_003015,35,5,30
id_002662,35,5,30
id_002605,35,5,30
id_002921,35,5,30
id_002733,35,5,30
id_003097,35,5,30
id_002624,35,5,30
id_002865,35,5,30
id_002856,35,5,30
id_003151,35,5,30
id_003043,35,5,30
id_003179,35,5,30
id_002991,35,5,30
id_002631,35,5,30
id_002701,34,5,29
id_002920,34,5,29
id_003075,34,5,29
id_002861,34,5,29
id_003223,34,5,29
id_002812,34,5,29
id_002658,34,5,29
id_002725,34,5,29
id_002916,34,5,29
id_002941,34,5,29
id_002979,34,5,29
id_003107,34,5,29
id_003200,34,5,29
id_003126,33,5,28
id_002739,33,5,28
id_003087,33,5,28
id_002795,33,5,28
id_003191,33,5,28
id_002829,33,5,28
id_002929,33,5,28
id_002603,33,5,28
id_002735,33,5,28
id_002803,33,5,28
id_002847,33,5,28
id_002901,33,5,28
id_002963,33,5,28
id_002799,33,5,28
id_003131,33,5,28
id_002760,32,5,27
id_003216,32,5,27
id_003127,32,5,27
id_002910,32,5,27
id_003006,32,5,27
id_003047,32,5,27
id_002866,32,5,27
id_002723,32,5,27
id_002969,32,5,27
id_003044,32,5,27
id_002801,32,5,27
id_003129,32,5,27
id_002914,32,5,27
id_003048,32,5,27
id_002952,32,5,27
id_002842,32,5,27
id_002959,32,5,27
id_003186,32,5,27
id_002611,31,5,26
id_002957,31,5,26
id_003195,31,5,26
id_003100,31,5,26
id_002855,31,5,26
id_002747,31,5,26
id_002925,31,5,26
id_002748,31,5,26
id_002879,31,5,26
id_002890,31,5,26
id_002874,31,5,26
id_002703,31,5,26
id_002653,31,5,26
id_002931,31,5,26
id_002845,31,5,26
id_002664,31,5,26
id_003185,31,5,26
id_002946,31,5,26
id_003160,31,5,26
id_002953,30,5,25
id_003122,30,5,25
id_002980,30,5,25
id_003181,30,5,25
id_002740,30,5,25
id_002665,30,5,25
id_003133,30,5,25
id_002601,30,5,25
id_003012,30,5,25
id_002804,30,5,25
id_002688,30,5,25
id_002689,30,5,25
id_002734,30,5,25
id_002956,30,5,25
id_002666,30,5,25
id_002923,30,5,25
id_002875,30,5,25
id_002978,30,5,25
id_002779,30,5,25
id_002767,29,5,24
id_003118,22,5,17
